,Text
0,"Hello, world! How's everyone doing today?"
1,I can't believe it's already March... time flies!
2,Python is amazing; it's a powerful programming language.
3,What are you waiting for? Let's go!
4,"I love programming, especially in Python. It's my favorite language."
5,Do you want to build a snowman? It's going to be so much fun!
6,I have a meeting at 2:00 PM. Don't be late.
7,"Can you hear me? I said, 'This is important!'"
8,"It's 2025, and technology is advancing rapidly."
9,Do you know the way? Where's the map? Let's find out!
